INSERT INTO make_list (make_id, make_desc, make_status, make_added_on, make_added_by) VALUES
(1,'Honda','Active','2025-01-01','Admin'),
(2,'Toyota','Active','2025-01-02','Admin'),
(3,'Suzuki','Active','2025-01-03','Admin');

INSERT INTO model_list (model_id, model_desc, make_id, model_status, added_on, added_by) VALUES
(1,'Honda City',1,'Active','2025-01-05','Admin'),
(2,'Honda Amaze',1,'Active','2025-01-06','Admin'),
(3,'Honda Jazz',1,'Active','2025-01-07','Admin'),
(4,'Honda BR-V',1,'Active','2025-01-08','Admin'),
(5,'Honda WR-V',1,'Active','2025-01-09','Admin'),
(6,'Honda Civic',1,'Active','2025-01-10','Admin'),
(7,'Honda CR-V',1,'Active','2025-01-11','Admin'),
(8,'Honda Accord',1,'Active','2025-01-12','Admin'),
(9,'Honda City Hybrid',1,'Active','2025-01-13','Admin'),
(10,'Honda BR-V 2025',1,'Active','2025-01-14','Admin'),
(11,'Toyota Corolla',2,'Active','2025-01-15','Admin'),
(12,'Toyota Camry',2,'Active','2025-01-16','Admin'),
(13,'Toyota Fortuner',2,'Active','2025-01-17','Admin'),
(14,'Toyota Yaris',2,'Active','2025-01-18','Admin'),
(15,'Toyota Innova',2,'Active','2025-01-19','Admin'),
(16,'Toyota RAV4',2,'Active','2025-01-20','Admin'),
(17,'Toyota Hilux',2,'Active','2025-01-21','Admin'),
(18,'Toyota Vios',2,'Active','2025-01-22','Admin'),
(19,'Toyota Prius',2,'Active','2025-01-23','Admin'),
(20,'Toyota Urban Cruiser',2,'Active','2025-01-24','Admin'),
(21,'Suzuki Swift',3,'Active','2025-01-25','Admin'),
(22,'Suzuki Baleno',3,'Active','2025-01-26','Admin'),
(23,'Suzuki Vitara',3,'Active','2025-01-27','Admin'),
(24,'Suzuki Dzire',3,'Active','2025-01-28','Admin'),
(25,'Suzuki Celerio',3,'Active','2025-01-29','Admin'),
(26,'Suzuki Ertiga',3,'Active','2025-01-30','Admin'),
(27,'Suzuki XL7',3,'Active','2025-01-31','Admin'),
(28,'Suzuki Brezza',3,'Active','2025-02-01','Admin'),
(29,'Suzuki S-Cross',3,'Active','2025-02-02','Admin'),
(30,'Suzuki Grand Vitara',3,'Active','2025-02-03','Admin');

INSERT INTO motor_city (city_id, city_name, state_name) VALUES
(1,'Chennai','Tamil Nadu'),
(2,'Coimbatore','Tamil Nadu'),
(3,'Madurai','Tamil Nadu'),
(4,'Trichy','Tamil Nadu'),
(5,'Erode','Tamil Nadu'),
(6,'Bangalore','Karnataka'),
(7,'Mysore','Karnataka'),
(8,'Hyderabad','Telangana'),
(9,'Mumbai','Maharashtra'),
(10,'Pune','Maharashtra');

INSERT INTO motor_bodytype (body_id, body_desc, body_status, added_on, added_by) VALUES
(11,'Sedan','Active','2025-01-01','Admin'),
(12,'Hatchback','Active','2025-01-02','Admin'),
(13,'SUV','Active','2025-01-03','Admin'),
(14,'MPV','Active','2025-01-04','Admin'),
(15,'Crossover','Active','2025-01-05','Admin'),
(16,'Convertible','Active','2025-01-06','Admin'),
(17,'Coupe','Active','2025-01-07','Admin'),
(18,'Pickup','Active','2025-01-08','Admin'),
(19,'Van','Active','2025-01-09','Admin'),
(20,'Hybrid','Active','2025-01-10','Admin');

INSERT INTO category_type (cat_id, cat_desc, cat_description, added_on, added_by) VALUES
(1,'Basic','Basic Model','2025-01-01','Admin'),
(2,'Premium','Premium Model','2025-01-02','Admin'),
(3,'Luxury','Luxury Model','2025-01-03','Admin'),
(4,'Sport','Sport Model','2025-01-04','Admin'),
(5,'Economy','Economy Model','2025-01-05','Admin'),
(6,'Electric','Electric Model','2025-01-06','Admin'),
(7,'Diesel','Diesel Model','2025-01-07','Admin'),
(8,'Petrol','Petrol Model','2025-01-08','Admin'),
(9,'Hybrid','Hybrid Model','2025-01-09','Admin'),
(10,'Offroad','Offroad Model','2025-01-10','Admin');

INSERT INTO motor_color (color_id, color_name, model_id, added_on, added_by) VALUES
(1,'Red',1,20250101,'Admin'),
(2,'Blue',2,20250102,'Admin'),
(3,'Black',3,20250103,'Admin'),
(4,'White',4,20250104,'Admin'),
(5,'Grey',5,20250105,'Admin'),
(6,'Silver',6,20250106,'Admin'),
(7,'Green',7,20250107,'Admin'),
(8,'Yellow',8,20250108,'Admin'),
(9,'Orange',9,20250109,'Admin'),
(10,'Brown',10,20250110,'Admin'),
(11,'cyan',11,20250111,'Admin'),
(12,'magenta',12,20250112,'Admin'),
(13,'lime',13,20250113,'Admin'),
(14,'White-grey',14,20250114,'Admin'),
(15,'Grey-white',15,20250115,'Admin'),
(16,'indigo',16,20250116,'Admin'),
(17,'violet',17,20250117,'Admin'),
(18,'marron',18,20250118,'Admin'),
(19,'Olive green',19,20250119,'Admin'),
(20,'olive Brown',20,20250120,'Admin'),
(21,'olive Red',21,20250121,'Admin'),
(22,'olive Blue',22,20250122,'Admin'),
(23,'olive Black',23,20250123,'Admin'),
(24,'olive White',24,20250124,'Admin'),
(25,'olive Grey',25,20250125,'Admin'),
(26,'olive Silver',26,20250126,'Admin'),
(27,'teal Green',27,20250127,'Admin'),
(28,'gold Yellow',28,20250128,'Admin'),
(29,'corl orange',29,20250129,'Admin'),
(30,'teal Brown',30,20250130,'Admin');

INSERT INTO motor_configuration (config_id, make_id, model_id, cat_id, body_id, color_id, city_name, price, available_stock) VALUES
(1,1,1,1,1,1,'Chennai',800000,10),
(2,1,2,2,2,2,'Coimbatore',850000,15),
(3,1,3,3,3,3,'Madurai',900000,20),
(4,1,4,1,4,4,'Trichy',750000,18),
(5,1,5,2,5,5,'Erode',820000,12),
(6,1,6,3,6,6,'Chennai',920000,14),
(7,1,7,1,7,7,'Coimbatore',760000,9),
(8,1,8,2,8,8,'Madurai',880000,13),
(9,1,9,3,9,9,'Trichy',910000,17),
(10,1,10,1,10,10,'Erode',770000,11),
(11,2,11,2,1,11,'Chennai',950000,12),
(12,2,12,3,2,12,'Coimbatore',980000,14),
(13,2,13,1,3,13,'Madurai',990000,10),
(14,2,14,2,4,14,'Trichy',1020000,8),
(15,2,15,3,5,15,'Erode',970000,11),
(16,2,16,1,6,16,'Chennai',1010000,9),
(17,2,17,2,7,17,'Coimbatore',960000,13),
(18,2,18,3,8,18,'Madurai',1030000,7),
(19,2,19,1,9,19,'Trichy',1000000,10),
(20,2,20,2,10,20,'Erode',1050000,6),
(21,3,21,3,1,21,'Chennai',1100000,8),
(22,3,22,1,2,22,'Coimbatore',1150000,6),
(23,3,23,2,3,23,'Madurai',1180000,9),
(24,3,24,3,4,24,'Trichy',1130000,7),
(25,3,25,1,5,25,'Erode',1170000,5),
(26,3,26,2,6,26,'Chennai',1200000,8),
(27,3,27,3,7,27,'Coimbatore',1220000,6),
(28,3,28,1,8,28,'Madurai',1190000,7),
(29,3,29,2,9,29,'Trichy',1240000,4),
(30,3,30,3,10,30,'Erode',1210000,6);

INSERT INTO personal_information (user_id, user_type, first_name, last_name, gender, dob, email, marital_status, education, phone, address_1, permanent_address, city_name, status_update, added_on, added_by) VALUES
(1,'Customer','Ramalakshmi','V','Female','2002-05-03','ramal1@example.com',0,'B.Tech',9000000001,'Address 1','Permanent 1','Chennai','Active','2025-02-01','Admin'),
(2,'Customer','Saranya','R','Female','2002-06-15','saranya2@example.com',0,'B.Tech',9000000002,'Address 2','Permanent 2','Coimbatore','Active','2025-02-02','Admin'),
(3,'Customer','Anitha','K','Female','2002-07-20','anitha3@example.com',0,'B.Tech',9000000003,'Address 3','Permanent 3','Madurai','Active','2025-02-03','Admin'),
(4,'Customer','Priya','L','Female','2002-08-11','priya4@example.com',0,'B.Tech',9000000004,'Address 4','Permanent 4','Trichy','Active','2025-02-04','Admin'),
(5,'Customer','Divya','M','Female','2002-09-05','divya5@example.com',0,'B.Tech',9000000005,'Address 5','Permanent 5','Erode','Active','2025-02-05','Admin'),
(6,'Customer','Meena','N','Female','2002-10-22','meena6@example.com',0,'B.Tech',9000000006,'Address 6','Permanent 6','Chennai','Active','2025-02-06','Admin'),
(7,'Customer','Latha','O','Female','2002-11-30','latha7@example.com',0,'B.Tech',9000000007,'Address 7','Permanent 7','Coimbatore','Active','2025-02-07','Admin'),
(8,'Customer','Kavya','P','Female','2002-12-12','kavya8@example.com',0,'B.Tech',9000000008,'Address 8','Permanent 8','Madurai','Active','2025-02-08','Admin'),
(9,'Customer','Nisha','Q','Female','2003-01-20','nisha9@example.com',0,'B.Tech',9000000009,'Address 9','Permanent 9','Trichy','Active','2025-02-09','Admin'),
(10,'Customer','Swathi','R','Female','2003-02-14','swathi10@example.com',0,'B.Tech',9000000010,'Address 10','Permanent 10','Erode','Active','2025-02-10','Admin'),

(11,'Customer','Raja','S','Male','2002-03-01','raja11@example.com',0,'B.Tech',9000000011,'Address 11','Permanent 11','Chennai','Active','2025-02-11','Admin'),
(12,'Customer','Arun','T','Male','2002-04-02','arun12@example.com',0,'B.Tech',9000000012,'Address 12','Permanent 12','Coimbatore','Active','2025-02-12','Admin'),
(13,'Customer','Karthik','U','Male','2002-05-10','karthik13@example.com',0,'B.Tech',9000000013,'Address 13','Permanent 13','Madurai','Active','2025-02-13','Admin'),
(14,'Customer','Vikram','V','Male','2002-06-18','vikram14@example.com',0,'B.Tech',9000000014,'Address 14','Permanent 14','Trichy','Active','2025-02-14','Admin'),
(15,'Customer','Sathya','W','Male','2002-07-25','sathya15@example.com',0,'B.Tech',9000000015,'Address 15','Permanent 15','Erode','Active','2025-02-15','Admin'),
(16,'Customer','Harish','X','Male','2002-08-05','harish16@example.com',0,'B.Tech',9000000016,'Address 16','Permanent 16','Chennai','Active','2025-02-16','Admin'),
(17,'Customer','Ramesh','Y','Male','2002-09-14','ramesh17@example.com',0,'B.Tech',9000000017,'Address 17','Permanent 17','Coimbatore','Active','2025-02-17','Admin'),
(18,'Customer','Vishal','Z','Male','2002-10-22','vishal18@example.com',0,'B.Tech',9000000018,'Address 18','Permanent 18','Madurai','Active','2025-02-18','Admin'),
(19,'Customer','Mani','A','Male','2002-11-30','mani19@example.com',0,'B.Tech',9000000019,'Address 19','Permanent 19','Trichy','Active','2025-02-19','Admin'),
(20,'Customer','Arjun','B','Male','2002-12-12','arjun20@example.com',0,'B.Tech',9000000020,'Address 20','Permanent 20','Erode','Active','2025-02-20','Admin'),

(21,'Customer','Ajith','C','Male','2003-01-01','ajith21@example.com',0,'B.Tech',9000000021,'Address 21','Permanent 21','Chennai','Active','2025-02-21','Admin'),
(22,'Customer','Kumar','D','Male','2003-01-10','kumar22@example.com',0,'B.Tech',9000000022,'Address 22','Permanent 22','Coimbatore','Active','2025-02-22','Admin'),
(23,'Customer','Ranjith','E','Male','2003-01-20','ranjith23@example.com',0,'B.Tech',9000000023,'Address 23','Permanent 23','Madurai','Active','2025-02-23','Admin'),
(24,'Customer','Suresh','F','Male','2003-02-01','suresh24@example.com',0,'B.Tech',9000000024,'Address 24','Permanent 24','Trichy','Active','2025-02-24','Admin'),
(25,'Customer','Vijay','G','Male','2003-02-10','vijay25@example.com',0,'B.Tech',9000000025,'Address 25','Permanent 25','Erode','Active','2025-02-25','Admin'),
(26,'Customer','Deepak','H','Male','2003-02-20','deepak26@example.com',0,'B.Tech',9000000026,'Address 26','Permanent 26','Chennai','Active','2025-02-26','Admin'),
(27,'Customer','Ganesh','I','Male','2003-03-01','ganesh27@example.com',0,'B.Tech',9000000027,'Address 27','Permanent 27','Coimbatore','Active','2025-02-27','Admin'),
(28,'Customer','Pradeep','J','Male','2003-03-10','pradeep28@example.com',0,'B.Tech',9000000028,'Address 28','Permanent 28','Madurai','Active','2025-02-28','Admin'),
(29,'Customer','Rahul','K','Male','2003-03-15','rahul29@example.com',0,'B.Tech',9000000029,'Address 29','Permanent 29','Trichy','Active','2025-02-28','Admin'),
(30,'Customer','Shankar','L','Male','2003-03-20','shankar30@example.com',0,'B.Tech',9000000030,'Address 30','Permanent 30','Erode','Active','2025-02-28','Admin');

INSERT INTO login_user (login_id, login_password, user_id, user_type, status_update, added_on, added_by) VALUES
(1,'Pass@123',1,'Customer','Active','2025-02-01','Admin'),
(2,'Pass@123',2,'Customer','Active','2025-02-02','Admin'),
(3,'Pass@123',3,'Customer','Active','2025-02-03','Admin'),
(4,'Pass@123',4,'Customer','Active','2025-02-04','Admin'),
(5,'Pass@123',5,'Customer','Active','2025-02-05','Admin'),
(6,'Pass@123',6,'Customer','Active','2025-02-06','Admin'),
(7,'Pass@123',7,'Customer','Active','2025-02-07','Admin'),
(8,'Pass@123',8,'Customer','Active','2025-02-08','Admin'),
(9,'Pass@123',9,'Customer','Active','2025-02-09','Admin'),
(10,'Pass@123',10,'Customer','Active','2025-02-10','Admin'),
(11,'Pass@123',11,'Customer','Active','2025-02-11','Admin'),
(12,'Pass@123',12,'Customer','Active','2025-02-12','Admin'),
(13,'Pass@123',13,'Customer','Active','2025-02-13','Admin'),
(14,'Pass@123',14,'Customer','Active','2025-02-14','Admin'),
(15,'Pass@123',15,'Customer','Active','2025-02-15','Admin'),
(16,'Pass@123',16,'Customer','Active','2025-02-16','Admin'),
(17,'Pass@123',17,'Customer','Active','2025-02-17','Admin'),
(18,'Pass@123',18,'Customer','Active','2025-02-18','Admin'),
(19,'Pass@123',19,'Customer','Active','2025-02-19','Admin'),
(20,'Pass@123',20,'Customer','Active','2025-02-20','Admin'),
(21,'Pass@123',21,'Customer','Active','2025-02-21','Admin'),
(22,'Pass@123',22,'Customer','Active','2025-02-22','Admin'),
(23,'Pass@123',23,'Customer','Active','2025-02-23','Admin'),
(24,'Pass@123',24,'Customer','Active','2025-02-24','Admin'),
(25,'Pass@123',25,'Customer','Active','2025-02-25','Admin'),
(26,'Pass@123',26,'Customer','Active','2025-02-26','Admin'),
(27,'Pass@123',27,'Customer','Active','2025-02-27','Admin'),
(28,'Pass@123',28,'Customer','Active','2025-02-28','Admin'),
(29,'Pass@123',29,'Customer','Active','2025-02-28','Admin'),
(30,'Pass@123',30,'Customer','Active','2025-02-28','Admin');

INSERT INTO broker_information (broker_id, broker_name, broker_organisation_name, contact_info, status_update, added_on, added_by) VALUES
(1,'Arun','BrokerOne','1234567890','Active','2025-01-01','Admin'),
(2,'Ravi','BrokerTwo','1234567891','Active','2025-01-02','Admin'),
(3,'Kumar','BrokerThree','1234567892','Active','2025-01-03','Admin'),
(4,'Suresh','BrokerFour','1234567893','Active','2025-01-04','Admin'),
(5,'Mani','BrokerFive','1234567894','Active','2025-01-05','Admin'),
(6,'Vijay','BrokerSix','1234567895','Active','2025-01-06','Admin'),
(7,'Rahul','BrokerSeven','1234567896','Active','2025-01-07','Admin'),
(8,'Arjun','BrokerEight','1234567897','Active','2025-01-08','Admin'),
(9,'Deepak','BrokerNine','1234567898','Active','2025-01-09','Admin'),
(10,'Ganesh','BrokerTen','1234567899','Active','2025-01-10','Admin');

INSERT INTO coverage_master (coverage_id, coverage_type, coverage_desc) VALUES
(1,'Health','Health Insurance'),
(2,'Vehicle','Vehicle Insurance'),
(3,'Property','Property Insurance'),
(4,'Life','Life Insurance'),
(5,'Travel','Travel Insurance'),
(6,'Pet','Pet Insurance'),
(7,'Marine','Marine Insurance'),
(8,'Crop','Crop Insurance'),
(9,'Accident','Accident Insurance'),
(10,'Liability','Liability Insurance');

INSERT INTO quote_information (quote_id, user_id, coverage_id, quote_date, status_update) VALUES
(1,1,2,'2025-03-01','Pending'),
(2,2,1,'2025-03-02','Pending'),
(3,3,3,'2025-03-03','Pending'),
(4,4,2,'2025-03-04','Pending'),
(5,5,4,'2025-03-05','Pending'),
(6,6,2,'2025-03-06','Pending'),
(7,7,5,'2025-03-07','Pending'),
(8,8,2,'2025-03-08','Pending'),
(9,9,1,'2025-03-09','Pending'),
(10,10,3,'2025-03-10','Pending'),
(11,11,2,'2025-03-11','Pending'),
(12,12,4,'2025-03-12','Pending'),
(13,13,2,'2025-03-13','Pending'),
(14,14,5,'2025-03-14','Pending'),
(15,15,2,'2025-03-15','Pending'),
(16,16,3,'2025-03-16','Pending'),
(17,17,2,'2025-03-17','Pending'),
(18,18,1,'2025-03-18','Pending'),
(19,19,2,'2025-03-19','Pending'),
(20,20,4,'2025-03-20','Pending'),
(21,21,2,'2025-03-21','Pending'),
(22,22,5,'2025-03-22','Pending'),
(23,23,2,'2025-03-23','Pending'),
(24,24,3,'2025-03-24','Pending'),
(25,25,2,'2025-03-25','Pending'),
(26,26,1,'2025-03-26','Pending'),
(27,27,2,'2025-03-27','Pending'),
(28,28,4,'2025-03-28','Pending'),
(29,29,2,'2025-03-29','Pending'),
(30,30,3,'2025-03-30','Pending');


INSERT INTO premium_rate_calculation (rate_id, coverage_id, premium_rate, effective_from) VALUES
(1,1,5000.00,'2025-01-01'),
(2,2,7500.00,'2025-01-01'),
(3,3,6000.00,'2025-01-01'),
(4,4,8000.00,'2025-01-01'),
(5,5,5500.00,'2025-01-01'),
(6,6,4500.00,'2025-01-01'),
(7,7,7000.00,'2025-01-01'),
(8,8,6500.00,'2025-01-01'),
(9,9,5000.00,'2025-01-01'),
(10,10,6000.00,'2025-01-01');

INSERT INTO premium (premium_id, quote_id, rate_id, premium_amount, calc_date) VALUES
(1,1,2,7500.00,'2025-03-02'),
(2,2,1,5000.00,'2025-03-03'),
(3,3,3,6000.00,'2025-03-04'),
(4,4,2,7500.00,'2025-03-05'),
(5,5,4,8000.00,'2025-03-06'),
(6,6,2,7500.00,'2025-03-07'),
(7,7,5,5500.00,'2025-03-08'),
(8,8,2,7500.00,'2025-03-09'),
(9,9,1,5000.00,'2025-03-10'),
(10,10,3,6000.00,'2025-03-11'),

(11,11,2,7500.00,'2025-03-12'),
(12,12,4,8000.00,'2025-03-13'),
(13,13,2,7500.00,'2025-03-14'),
(14,14,5,5500.00,'2025-03-15'),
(15,15,2,7500.00,'2025-03-16'),
(16,16,3,6000.00,'2025-03-17'),
(17,17,2,7500.00,'2025-03-18'),
(18,18,1,5000.00,'2025-03-19'),
(19,19,2,7500.00,'2025-03-20'),
(20,20,4,8000.00,'2025-03-21'),

(21,21,2,7500.00,'2025-03-22'),
(22,22,5,5500.00,'2025-03-23'),
(23,23,2,7500.00,'2025-03-24'),
(24,24,3,6000.00,'2025-03-25'),
(25,25,2,7500.00,'2025-03-26'),
(26,26,1,5000.00,'2025-03-27'),
(27,27,2,7500.00,'2025-03-28'),
(28,28,4,8000.00,'2025-03-29'),
(29,29,2,7500.00,'2025-03-30'),
(30,30,3,6000.00,'2025-03-31');


INSERT INTO broker_commission (commission_id, coverage_id, commission_percent) VALUES
(1,1,5.00),
(2,2,7.50),
(3,3,6.00),
(4,4,8.00),
(5,5,5.50),
(6,6,4.50),
(7,7,7.00),
(8,8,6.50),
(9,9,5.00),
(10,10,6.00);

INSERT INTO agent_application (app_id, user_id, quote_id, submitted_on) VALUES
(1,1,1,'2025-03-03'),
(2,2,2,'2025-03-04'),
(3,3,3,'2025-03-05'),
(4,4,4,'2025-03-06'),
(5,5,5,'2025-03-07'),
(6,6,6,'2025-03-08'),
(7,7,7,'2025-03-09'),
(8,8,8,'2025-03-10'),
(9,9,9,'2025-03-11'),
(10,10,10,'2025-03-12'),

(11,11,11,'2025-03-13'),
(12,12,12,'2025-03-14'),
(13,13,13,'2025-03-15'),
(14,14,14,'2025-03-16'),
(15,15,15,'2025-03-17'),
(16,16,16,'2025-03-18'),
(17,17,17,'2025-03-19'),
(18,18,18,'2025-03-20'),
(19,19,19,'2025-03-21'),
(20,20,20,'2025-03-22'),

(21,21,21,'2025-03-23'),
(22,22,22,'2025-03-24'),
(23,23,23,'2025-03-25'),
(24,24,24,'2025-03-26'),
(25,25,25,'2025-03-27'),
(26,26,26,'2025-03-28'),
(27,27,27,'2025-03-29'),
(28,28,28,'2025-03-30'),
(29,29,29,'2025-03-31'),
(30,30,30,'2025-04-01');

INSERT INTO policy_master (policy_id, app_id, policy_start, policy_end, debit_credit_note) VALUES
(1,1,'2025-04-01','2026-03-31','Debit'),
(2,2,'2025-04-02','2026-04-01','Credit'),
(3,3,'2025-04-03','2026-04-02','Debit'),
(4,4,'2025-04-04','2026-04-03','Credit'),
(5,5,'2025-04-05','2026-04-04','Debit'),
(6,6,'2025-04-06','2026-04-05','Credit'),
(7,7,'2025-04-07','2026-04-06','Debit'),
(8,8,'2025-04-08','2026-04-07','Credit'),
(9,9,'2025-04-09','2026-04-08','Debit'),
(10,10,'2025-04-10','2026-04-09','Credit'),

(11,11,'2025-04-11','2026-04-10','Debit'),
(12,12,'2025-04-12','2026-04-11','Credit'),
(13,13,'2025-04-13','2026-04-12','Debit'),
(14,14,'2025-04-14','2026-04-13','Credit'),
(15,15,'2025-04-15','2026-04-14','Debit'),
(16,16,'2025-04-16','2026-04-15','Credit'),
(17,17,'2025-04-17','2026-04-16','Debit'),
(18,18,'2025-04-18','2026-04-17','Credit'),
(19,19,'2025-04-19','2026-04-18','Debit'),
(20,20,'2025-04-20','2026-04-19','Credit'),

(21,21,'2025-04-21','2026-04-20','Debit'),
(22,22,'2025-04-22','2026-04-21','Credit'),
(23,23,'2025-04-23','2026-04-22','Debit'),
(24,24,'2025-04-24','2026-04-23','Credit'),
(25,25,'2025-04-25','2026-04-24','Debit'),
(26,26,'2025-04-26','2026-04-25','Credit'),
(27,27,'2025-04-27','2026-04-26','Debit'),
(28,28,'2025-04-28','2026-04-27','Credit'),
(29,29,'2025-04-29','2026-04-28','Debit'),
(30,30,'2025-04-30','2026-04-29','Credit');

INSERT INTO payment_details (payment_id, policy_id, payment_mode, amount, payment_date) VALUES
(1,1,'Online',7500.00,'2025-04-01'),
(2,2,'Cash',5000.00,'2025-04-02'),
(3,3,'Online',6000.00,'2025-04-03'),
(4,4,'Cash',7500.00,'2025-04-04'),
(5,5,'Online',8000.00,'2025-04-05'),
(6,6,'Cash',7500.00,'2025-04-06'),
(7,7,'Online',5500.00,'2025-04-07'),
(8,8,'Cash',7500.00,'2025-04-08'),
(9,9,'Online',5000.00,'2025-04-09'),
(10,10,'Cash',6000.00,'2025-04-10'),

(11,11,'Online',7500.00,'2025-04-11'),
(12,12,'Cash',8000.00,'2025-04-12'),
(13,13,'Online',7500.00,'2025-04-13'),
(14,14,'Cash',5500.00,'2025-04-14'),
(15,15,'Online',7500.00,'2025-04-15'),
(16,16,'Cash',6000.00,'2025-04-16'),
(17,17,'Online',7500.00,'2025-04-17'),
(18,18,'Cash',5000.00,'2025-04-18'),
(19,19,'Online',7500.00,'2025-04-19'),
(20,20,'Cash',8000.00,'2025-04-20'),

(21,21,'Online',7500.00,'2025-04-21'),
(22,22,'Cash',5500.00,'2025-04-22'),
(23,23,'Online',7500.00,'2025-04-23'),
(24,24,'Cash',6000.00,'2025-04-24'),
(25,25,'Online',7500.00,'2025-04-25'),
(26,26,'Cash',5000.00,'2025-04-26'),
(27,27,'Online',7500.00,'2025-04-27'),
(28,28,'Cash',8000.00,'2025-04-28'),
(29,29,'Online',7500.00,'2025-04-29'),
(30,30,'Cash',6000.00,'2025-04-30');

INSERT INTO debit_credit_note (note_id, policy_id, note_type, note_amount, issued_date) VALUES
(1,1,'Debit',500.00,'2025-04-01'),
(2,2,'Credit',400.00,'2025-04-02'),
(3,3,'Debit',600.00,'2025-04-03'),
(4,4,'Credit',550.00,'2025-04-04'),
(5,5,'Debit',700.00,'2025-04-05'),
(6,6,'Credit',650.00,'2025-04-06'),
(7,7,'Debit',500.00,'2025-04-07'),
(8,8,'Credit',450.00,'2025-04-08'),
(9,9,'Debit',600.00,'2025-04-09'),
(10,10,'Credit',550.00,'2025-04-10'),

(11,11,'Debit',500.00,'2025-04-11'),
(12,12,'Credit',400.00,'2025-04-12'),
(13,13,'Debit',600.00,'2025-04-13'),
(14,14,'Credit',550.00,'2025-04-14'),
(15,15,'Debit',700.00,'2025-04-15'),
(16,16,'Credit',650.00,'2025-04-16'),
(17,17,'Debit',500.00,'2025-04-17'),
(18,18,'Credit',450.00,'2025-04-18'),
(19,19,'Debit',600.00,'2025-04-19'),
(20,20,'Credit',550.00,'2025-04-20'),

(21,21,'Debit',500.00,'2025-04-21'),
(22,22,'Credit',400.00,'2025-04-22'),
(23,23,'Debit',600.00,'2025-04-23'),
(24,24,'Credit',550.00,'2025-04-24'),
(25,25,'Debit',700.00,'2025-04-25'),
(26,26,'Credit',650.00,'2025-04-26'),
(27,27,'Debit',500.00,'2025-04-27'),
(28,28,'Credit',450.00,'2025-04-28'),
(29,29,'Debit',600.00,'2025-04-29'),
(30,30,'Credit',550.00,'2025-04-30');
